{
    "yolo11_cocoa_trained": {
        "mAP50": 0.7306142508125592,
        "mAP50-95": 0.5057610772786713,
        "inference_time (ms)": 78.5625865382533
    },
    "yolo11_post_pruned_retrain": {
        "mAP50": 0.6284620876399639,
        "mAP50-95": 0.41751319326461384,
        "inference_time (ms)": 11.423268625813147
    },
    "yolo11_pruned_retrain": {
        "mAP50": 0.5381223654242415,
        "mAP50-95": 0.35679044360898465,
        "inference_time (ms)": 10.38753217266452
    }
}